target_id,sales_rep_id,date_id,monthly_target_kes
1,1,20240101,813924.36
2,1,20240201,813000.54
3,1,20240301,766220.16
4,1,20240401,775020.75
5,1,20240501,750238.76
6,1,20240601,775072.74
7,1,20240701,707696.88
8,1,20240801,749830.57
9,1,20240901,751556.15
10,1,20241001,782055.7
11,1,20241101,822527.99
12,1,20241201,868221.97
13,1,20250101,871745.92
14,1,20250201,816454.66
15,1,20250301,827812.81
16,1,20250401,837789.05
17,1,20250501,804912.67
18,1,20250601,807445.69
19,1,20250701,785019.66
20,1,20250801,817322.51
21,1,20250901,783941.79
22,1,20251001,841961.83
23,1,20251101,873768.74
24,1,20251201,924923.54
25,2,20240101,782106.35
26,2,20240201,737495.11
27,2,20240301,738833.92
28,2,20240401,716868.5
29,2,20240501,708634.61
30,2,20240601,751433.01
31,2,20240701,735390.48
32,2,20240801,760914.31
33,2,20240901,758740.89
34,2,20241001,767906.99
35,2,20241101,754520.49
36,2,20241201,856303.64
37,2,20250101,856172.22
38,2,20250201,782830.43
39,2,20250301,847386.8
40,2,20250401,774894.97
41,2,20250501,793551.89
42,2,20250601,764179.36
43,2,20250701,731655.55
44,2,20250801,755482.14
45,2,20250901,750128.83
46,2,20251001,834804.67
47,2,20251101,843453.48
48,2,20251201,849585.0
49,3,20240101,988381.55
50,3,20240201,921972.05
51,3,20240301,902651.86
52,3,20240401,923684.69
53,3,20240501,993902.25
54,3,20240601,946989.93
55,3,20240701,860445.18
56,3,20240801,867045.04
57,3,20240901,910767.55
58,3,20241001,954980.37
59,3,20241101,992251.63
60,3,20241201,1071063.12
61,3,20250101,1040461.03
62,3,20250201,1045378.91
63,3,20250301,975604.14
64,3,20250401,992733.23
65,3,20250501,942096.17
66,3,20250601,1046478.44
67,3,20250701,888602.7
68,3,20250801,953072.1
69,3,20250901,918376.45
70,3,20251001,997168.81
71,3,20251101,1042594.0
72,3,20251201,1094102.88
73,4,20240101,917546.96
74,4,20240201,893840.34
75,4,20240301,932645.85
76,4,20240401,882260.48
77,4,20240501,948071.26
78,4,20240601,934656.1
79,4,20240701,874220.16
80,4,20240801,884406.2
81,4,20240901,917100.47
82,4,20241001,916503.18
83,4,20241101,1008597.45
84,4,20241201,1028683.74
85,4,20250101,967021.49
86,4,20250201,945022.85
87,4,20250301,974478.62
88,4,20250401,924416.38
89,4,20250501,900977.73
90,4,20250601,916470.5
91,4,20250701,920926.7
92,4,20250801,949397.32
93,4,20250901,941902.63
94,4,20251001,987370.65
95,4,20251101,962266.45
96,4,20251201,1108468.79
97,5,20240101,836450.77
98,5,20240201,801417.91
99,5,20240301,763238.95
100,5,20240401,742927.25
101,5,20240501,775616.52
102,5,20240601,758428.94
103,5,20240701,727230.7
104,5,20240801,736547.09
105,5,20240901,754218.12
106,5,20241001,772555.21
107,5,20241101,826038.73
108,5,20241201,844594.86
109,5,20250101,844478.44
110,5,20250201,819530.59
111,5,20250301,787647.1
112,5,20250401,753506.27
113,5,20250501,780793.45
114,5,20250601,839485.12
115,5,20250701,777030.91
116,5,20250801,738947.98
117,5,20250901,792239.18
118,5,20251001,792822.01
119,5,20251101,861265.85
120,5,20251201,927837.87
121,6,20240101,1158387.18
122,6,20240201,1100753.34
123,6,20240301,1134440.48
124,6,20240401,1186330.75
125,6,20240501,1142719.93
126,6,20240601,1164274.42
127,6,20240701,1070982.91
128,6,20240801,1145495.85
129,6,20240901,1109623.21
130,6,20241001,1192311.7
131,6,20241101,1257981.48
132,6,20241201,1349939.01
133,6,20250101,1296348.86
134,6,20250201,1250537.48
135,6,20250301,1301878.34
136,6,20250401,1226067.58
137,6,20250501,1226545.01
138,6,20250601,1188447.81
139,6,20250701,1211459.94
140,6,20250801,1119829.08
141,6,20250901,1235471.42
142,6,20251001,1341183.6
143,6,20251101,1327582.05
144,6,20251201,1342386.96
145,7,20240101,489301.29
146,7,20240201,488286.37
147,7,20240301,469147.89
148,7,20240401,438168.14
149,7,20240501,464608.69
150,7,20240601,490419.87
151,7,20240701,454253.16
152,7,20240801,438352.27
153,7,20240901,484319.12
154,7,20241001,478920.68
155,7,20241101,521313.37
156,7,20241201,530972.79
157,7,20250101,525065.05
158,7,20250201,509259.7
159,7,20250301,506601.46
160,7,20250401,519694.98
161,7,20250501,482643.31
162,7,20250601,464841.65
163,7,20250701,466317.04
164,7,20250801,468920.84
165,7,20250901,512489.25
166,7,20251001,508834.14
167,7,20251101,511108.07
168,7,20251201,544505.28
169,8,20240101,263902.22
170,8,20240201,268283.83
171,8,20240301,262103.89
172,8,20240401,267017.7
173,8,20240501,247628.9
174,8,20240601,278002.86
175,8,20240701,266766.17
176,8,20240801,262631.47
177,8,20240901,275428.69
178,8,20241001,267190.18
179,8,20241101,277578.84
180,8,20241201,294914.52
181,8,20250101,286203.66
182,8,20250201,298079.18
183,8,20250301,286899.44
184,8,20250401,280226.84
185,8,20250501,287897.09
186,8,20250601,277234.95
187,8,20250701,264205.48
188,8,20250801,271844.71
189,8,20250901,286679.84
190,8,20251001,295623.1
191,8,20251101,299637.42
192,8,20251201,319553.34
193,9,20240101,281728.64
194,9,20240201,274827.22
195,9,20240301,256264.55
196,9,20240401,263025.81
197,9,20240501,262528.15
198,9,20240601,264367.23
199,9,20240701,250186.06
200,9,20240801,249982.16
201,9,20240901,255399.02
202,9,20241001,262959.93
203,9,20241101,265268.86
204,9,20241201,289388.14
205,9,20250101,278061.31
206,9,20250201,264692.78
207,9,20250301,289587.52
208,9,20250401,266613.56
209,9,20250501,276495.7
210,9,20250601,258069.68
211,9,20250701,264226.08
212,9,20250801,263518.09
213,9,20250901,278494.31
214,9,20251001,292944.5
215,9,20251101,284857.49
216,9,20251201,309016.3
217,10,20240101,407414.94
218,10,20240201,365785.05
219,10,20240301,391824.11
220,10,20240401,343526.52
221,10,20240501,356370.91
222,10,20240601,376724.16
223,10,20240701,348606.31
224,10,20240801,368351.88
225,10,20240901,368339.58
226,10,20241001,388898.19
227,10,20241101,397075.73
228,10,20241201,427895.62
229,10,20250101,422712.87
230,10,20250201,401768.47
231,10,20250301,391095.29
232,10,20250401,396571.1
233,10,20250501,367075.67
234,10,20250601,383033.32
235,10,20250701,370855.28
236,10,20250801,374690.44
237,10,20250901,378832.65
238,10,20251001,395099.14
239,10,20251101,426067.81
240,10,20251201,452715.22
241,11,20240101,276282.2
242,11,20240201,283773.1
243,11,20240301,288277.61
244,11,20240401,266069.99
245,11,20240501,259111.19
246,11,20240601,265741.77
247,11,20240701,258549.85
248,11,20240801,264624.39
249,11,20240901,270077.37
250,11,20241001,266594.41
251,11,20241101,285576.77
252,11,20241201,294870.48
253,11,20250101,292917.79
254,11,20250201,304922.43
255,11,20250301,293507.57
256,11,20250401,288016.99
257,11,20250501,260162.17
258,11,20250601,297135.26
259,11,20250701,264910.07
260,11,20250801,265745.18
261,11,20250901,274852.01
262,11,20251001,293088.83
263,11,20251101,308116.72
264,11,20251201,339281.42
265,12,20240101,446964.41
266,12,20240201,459681.58
267,12,20240301,432244.27
268,12,20240401,428240.16
269,12,20240501,445024.96
270,12,20240601,456355.18
271,12,20240701,455299.27
272,12,20240801,423763.77
273,12,20240901,430287.34
274,12,20241001,450678.23
275,12,20241101,494313.65
276,12,20241201,491607.77
277,12,20250101,489073.16
278,12,20250201,462167.51
279,12,20250301,457609.7
280,12,20250401,441647.5
281,12,20250501,437884.55
282,12,20250601,485701.37
283,12,20250701,446900.12
284,12,20250801,451295.46
285,12,20250901,456768.26
286,12,20251001,468791.69
287,12,20251101,509768.39
288,12,20251201,508817.2
289,13,20240101,744267.84
290,13,20240201,773156.08
291,13,20240301,785433.73
292,13,20240401,706404.68
293,13,20240501,682516.5
294,13,20240601,717123.92
295,13,20240701,705292.58
296,13,20240801,725301.24
297,13,20240901,750333.63
298,13,20241001,751877.35
299,13,20241101,777745.69
300,13,20241201,843058.28
301,13,20250101,800502.96
302,13,20250201,840596.87
303,13,20250301,805711.59
304,13,20250401,770166.57
305,13,20250501,719603.53
306,13,20250601,769265.36
307,13,20250701,766144.83
308,13,20250801,782997.74
309,13,20250901,752183.9
310,13,20251001,797641.75
311,13,20251101,871918.4
312,13,20251201,879609.66
313,14,20240101,608910.86
314,14,20240201,633313.04
315,14,20240301,623269.62
316,14,20240401,630242.87
317,14,20240501,617205.78
318,14,20240601,635719.01
319,14,20240701,593618.34
320,14,20240801,595520.52
321,14,20240901,602669.22
322,14,20241001,633338.93
323,14,20241101,679971.55
324,14,20241201,697606.8
325,14,20250101,664123.0
326,14,20250201,696419.77
327,14,20250301,665254.53
328,14,20250401,622315.53
329,14,20250501,650653.28
330,14,20250601,645929.56
331,14,20250701,622645.99
332,14,20250801,647868.86
333,14,20250901,660272.2
334,14,20251001,670826.66
335,14,20251101,661073.93
336,14,20251201,747588.43
337,15,20240101,676460.55
338,15,20240201,649973.08
339,15,20240301,642402.17
340,15,20240401,629143.53
341,15,20240501,580126.23
342,15,20240601,649671.55
343,15,20240701,637433.44
344,15,20240801,626849.05
345,15,20240901,614912.32
346,15,20241001,655212.37
347,15,20241101,672732.19
348,15,20241201,757076.48
349,15,20250101,741482.49
350,15,20250201,733014.31
351,15,20250301,686670.09
352,15,20250401,655933.42
353,15,20250501,660990.46
354,15,20250601,694767.26
355,15,20250701,653174.67
356,15,20250801,660620.46
357,15,20250901,708937.53
358,15,20251001,678871.86
359,15,20251101,722534.58
360,15,20251201,755193.49
361,16,20240101,325502.38
362,16,20240201,314177.38
363,16,20240301,309116.07
364,16,20240401,322340.95
365,16,20240501,297485.76
366,16,20240601,310619.57
367,16,20240701,301995.91
368,16,20240801,296401.35
369,16,20240901,314427.3
370,16,20241001,331895.4
371,16,20241101,339693.4
372,16,20241201,352181.02
373,16,20250101,359002.55
374,16,20250201,349822.16
375,16,20250301,317902.53
376,16,20250401,331305.48
377,16,20250501,316148.6
378,16,20250601,330805.98
379,16,20250701,316519.34
380,16,20250801,313325.1
381,16,20250901,325024.97
382,16,20251001,345639.8
383,16,20251101,340418.93
384,16,20251201,370376.95
385,17,20240101,498726.1
386,17,20240201,484117.1
387,17,20240301,477472.62
388,17,20240401,490543.87
389,17,20240501,444928.28
390,17,20240601,472751.46
391,17,20240701,445834.62
392,17,20240801,472545.6
393,17,20240901,488117.16
394,17,20241001,487436.68
395,17,20241101,508654.56
396,17,20241201,543217.08
397,17,20250101,546218.69
398,17,20250201,529810.19
399,17,20250301,507434.93
400,17,20250401,490478.48
401,17,20250501,464587.8
402,17,20250601,476316.54
403,17,20250701,481716.38
404,17,20250801,472148.23
405,17,20250901,492821.93
406,17,20251001,479133.56
407,17,20251101,525850.91
408,17,20251201,575682.26
409,18,20240101,401909.07
410,18,20240201,422771.76
411,18,20240301,410286.04
412,18,20240401,394833.63
413,18,20240501,392756.72
414,18,20240601,415573.96
415,18,20240701,385769.48
416,18,20240801,364466.25
417,18,20240901,424944.74
418,18,20241001,399684.19
419,18,20241101,433420.99
420,18,20241201,472293.14
421,18,20250101,437287.7
422,18,20250201,439131.1
423,18,20250301,433980.0
424,18,20250401,416270.59
425,18,20250501,412751.03
426,18,20250601,420434.01
427,18,20250701,425756.2
428,18,20250801,408388.44
429,18,20250901,415285.17
430,18,20251001,429049.97
431,18,20251101,447534.61
432,18,20251201,468775.15
433,19,20240101,291027.85
434,19,20240201,290959.94
435,19,20240301,278622.27
436,19,20240401,261330.59
437,19,20240501,280821.35
438,19,20240601,278534.05
439,19,20240701,256465.96
440,19,20240801,267615.64
441,19,20240901,288682.51
442,19,20241001,294395.88
443,19,20241101,275188.52
444,19,20241201,303113.65
445,19,20250101,311169.6
446,19,20250201,288250.47
447,19,20250301,287187.58
448,19,20250401,282396.93
449,19,20250501,279035.45
450,19,20250601,301267.31
451,19,20250701,276296.9
452,19,20250801,285764.38
453,19,20250901,282355.66
454,19,20251001,305879.77
455,19,20251101,301160.44
456,19,20251201,327409.47
457,20,20240101,273525.16
458,20,20240201,274772.7
459,20,20240301,281479.04
460,20,20240401,272109.01
461,20,20240501,270368.61
462,20,20240601,276407.25
463,20,20240701,256619.76
464,20,20240801,263239.75
465,20,20240901,261581.6
466,20,20241001,284351.86
467,20,20241101,281520.45
468,20,20241201,305328.87
469,20,20250101,305934.93
470,20,20250201,283484.9
471,20,20250301,282309.56
472,20,20250401,287672.92
473,20,20250501,281229.86
474,20,20250601,278141.18
475,20,20250701,281693.43
476,20,20250801,276421.06
477,20,20250901,266964.08
478,20,20251001,299603.56
479,20,20251101,294821.12
480,20,20251201,322377.64
481,21,20240101,319250.81
482,21,20240201,322416.33
483,21,20240301,335711.37
484,21,20240401,301216.8
485,21,20240501,309144.06
486,21,20240601,313256.56
487,21,20240701,297809.05
488,21,20240801,308473.13
489,21,20240901,314833.95
490,21,20241001,329489.81
491,21,20241101,329665.08
492,21,20241201,371424.36
493,21,20250101,345149.66
494,21,20250201,332829.84
495,21,20250301,339666.59
496,21,20250401,307348.21
497,21,20250501,328462.72
498,21,20250601,329085.24
499,21,20250701,321044.49
500,21,20250801,314058.68
501,21,20250901,345064.05
502,21,20251001,354614.63
503,21,20251101,352839.88
504,21,20251201,381390.27
505,22,20240101,266395.54
506,22,20240201,277059.24
507,22,20240301,255633.12
508,22,20240401,256761.35
509,22,20240501,245465.2
510,22,20240601,261535.82
511,22,20240701,237355.22
512,22,20240801,234641.11
513,22,20240901,266062.86
514,22,20241001,272800.01
515,22,20241101,270970.68
516,22,20241201,281236.72
517,22,20250101,274565.88
518,22,20250201,269478.78
519,22,20250301,267548.29
520,22,20250401,256319.4
521,22,20250501,261324.0
522,22,20250601,259272.59
523,22,20250701,248088.79
524,22,20250801,256745.7
525,22,20250901,255688.63
526,22,20251001,282286.11
527,22,20251101,287336.75
528,22,20251201,305678.03
529,23,20240101,1087339.79
530,23,20240201,994718.07
531,23,20240301,1027183.72
532,23,20240401,978500.29
533,23,20240501,1002865.89
534,23,20240601,1019338.81
535,23,20240701,987815.46
536,23,20240801,898903.77
537,23,20240901,1004229.35
538,23,20241001,997106.29
539,23,20241101,1116541.19
540,23,20241201,1141519.47
541,23,20250101,1128648.05
542,23,20250201,1106689.31
543,23,20250301,1030362.19
544,23,20250401,1011476.96
545,23,20250501,1037356.95
546,23,20250601,1039266.68
547,23,20250701,1040498.14
548,23,20250801,1053753.03
549,23,20250901,1021146.53
550,23,20251001,1102691.12
551,23,20251101,1109723.49
552,23,20251201,1186180.22
553,24,20240101,707984.32
554,24,20240201,717068.76
555,24,20240301,699751.81
556,24,20240401,642948.71
557,24,20240501,635887.78
558,24,20240601,685808.85
559,24,20240701,650481.74
560,24,20240801,678817.03
561,24,20240901,669648.2
562,24,20241001,637972.99
563,24,20241101,708349.68
564,24,20241201,771760.11
565,24,20250101,756580.84
566,24,20250201,717974.71
567,24,20250301,709717.09
568,24,20250401,709919.31
569,24,20250501,633509.79
570,24,20250601,699847.29
571,24,20250701,662699.28
572,24,20250801,704199.41
573,24,20250901,717559.19
574,24,20251001,754171.73
575,24,20251101,798107.68
576,24,20251201,819105.77
577,25,20240101,717987.41
578,25,20240201,715584.26
579,25,20240301,727476.16
580,25,20240401,675817.66
581,25,20240501,688042.9
582,25,20240601,719694.36
583,25,20240701,667632.35
584,25,20240801,637764.1
585,25,20240901,668809.7
586,25,20241001,719121.08
587,25,20241101,730379.43
588,25,20241201,823408.15
589,25,20250101,755548.06
590,25,20250201,767252.32
591,25,20250301,765783.34
592,25,20250401,695254.74
593,25,20250501,704424.1
594,25,20250601,783737.9
595,25,20250701,706576.76
596,25,20250801,696204.77
597,25,20250901,699485.89
598,25,20251001,760625.18
599,25,20251101,802171.59
600,25,20251201,850424.26
601,26,20240101,399474.15
602,26,20240201,372915.58
603,26,20240301,372300.36
604,26,20240401,371602.16
605,26,20240501,355439.02
606,26,20240601,373309.19
607,26,20240701,353142.13
608,26,20240801,364890.34
609,26,20240901,366615.49
610,26,20241001,392976.29
611,26,20241101,409143.38
612,26,20241201,437803.22
613,26,20250101,404642.28
614,26,20250201,386535.85
615,26,20250301,399041.28
616,26,20250401,399562.9
617,26,20250501,380423.57
618,26,20250601,395187.52
619,26,20250701,368831.92
620,26,20250801,383659.75
621,26,20250901,412419.25
622,26,20251001,424795.75
623,26,20251101,421984.77
624,26,20251201,450840.65
625,27,20240101,1317265.75
626,27,20240201,1310868.26
627,27,20240301,1232647.29
628,27,20240401,1201892.3
629,27,20240501,1179204.82
630,27,20240601,1230528.75
631,27,20240701,1171479.08
632,27,20240801,1145626.33
633,27,20240901,1202085.66
634,27,20241001,1307814.7
635,27,20241101,1316464.87
636,27,20241201,1435830.64
637,27,20250101,1341813.98
638,27,20250201,1320893.66
639,27,20250301,1367045.87
640,27,20250401,1256749.49
641,27,20250501,1249923.45
642,27,20250601,1406369.78
643,27,20250701,1224112.55
644,27,20250801,1253476.35
645,27,20250901,1428454.99
646,27,20251001,1361395.31
647,27,20251101,1385931.6
648,27,20251201,1504437.54
649,28,20240101,622860.1
650,28,20240201,596862.76
651,28,20240301,584303.76
652,28,20240401,576727.36
653,28,20240501,550809.91
654,28,20240601,576600.36
655,28,20240701,536698.06
656,28,20240801,543242.29
657,28,20240901,567738.63
658,28,20241001,580281.7
659,28,20241101,598831.0
660,28,20241201,641733.68
661,28,20250101,639995.4
662,28,20250201,614462.33
663,28,20250301,621213.58
664,28,20250401,627968.66
665,28,20250501,615550.94
666,28,20250601,588136.75
667,28,20250701,589639.95
668,28,20250801,589565.46
669,28,20250901,613560.35
670,28,20251001,634404.34
671,28,20251101,617463.13
672,28,20251201,736470.31
673,29,20240101,462627.94
674,29,20240201,438512.25
675,29,20240301,445376.42
676,29,20240401,411825.92
677,29,20240501,402290.05
678,29,20240601,413581.61
679,29,20240701,400877.37
680,29,20240801,394356.57
681,29,20240901,430819.51
682,29,20241001,430056.95
683,29,20241101,457083.42
684,29,20241201,507374.29
685,29,20250101,482147.21
686,29,20250201,473607.47
687,29,20250301,464606.05
688,29,20250401,421175.7
689,29,20250501,427844.3
690,29,20250601,429719.99
691,29,20250701,419536.72
692,29,20250801,425368.47
693,29,20250901,431415.16
694,29,20251001,466232.43
695,29,20251101,457699.88
696,29,20251201,506626.72
697,30,20240101,610398.3
698,30,20240201,650679.2
699,30,20240301,584116.77
700,30,20240401,615531.26
701,30,20240501,614949.52
702,30,20240601,600787.27
703,30,20240701,599275.28
704,30,20240801,601640.46
705,30,20240901,612401.98
706,30,20241001,656155.39
707,30,20241101,652653.57
708,30,20241201,699976.7
709,30,20250101,656467.28
710,30,20250201,682631.35
711,30,20250301,614956.83
712,30,20250401,648375.89
713,30,20250501,618178.72
714,30,20250601,632810.88
715,30,20250701,621383.5
716,30,20250801,632854.92
717,30,20250901,653188.35
718,30,20251001,665242.4
719,30,20251101,668427.77
720,30,20251201,755370.72
721,31,20240101,573591.66
722,31,20240201,587616.91
723,31,20240301,541021.92
724,31,20240401,510111.11
725,31,20240501,501010.93
726,31,20240601,536853.43
727,31,20240701,515439.04
728,31,20240801,495396.57
729,31,20240901,515836.34
730,31,20241001,526717.64
731,31,20241101,608154.19
732,31,20241201,621742.24
733,31,20250101,585758.71
734,31,20250201,582397.44
735,31,20250301,561906.7
736,31,20250401,532748.76
737,31,20250501,542153.39
738,31,20250601,521970.11
739,31,20250701,507523.11
740,31,20250801,543543.0
741,31,20250901,563841.09
742,31,20251001,546445.06
743,31,20251101,587334.12
744,31,20251201,613226.96
745,32,20240101,787523.99
746,32,20240201,830515.08
747,32,20240301,742573.37
748,32,20240401,764992.74
749,32,20240501,735404.2
750,32,20240601,713133.87
751,32,20240701,692353.26
752,32,20240801,749899.82
753,32,20240901,700566.23
754,32,20241001,768696.14
755,32,20241101,810916.37
756,32,20241201,825222.53
757,32,20250101,797189.87
758,32,20250201,781542.24
759,32,20250301,816362.56
760,32,20250401,765549.67
761,32,20250501,772107.75
762,32,20250601,757325.17
763,32,20250701,777074.86
764,32,20250801,696946.48
765,32,20250901,822162.04
766,32,20251001,840770.19
767,32,20251101,878415.69
768,32,20251201,909654.97
769,33,20240101,307876.98
770,33,20240201,330012.81
771,33,20240301,321514.39
772,33,20240401,317752.17
773,33,20240501,296287.7
774,33,20240601,304883.37
775,33,20240701,276019.71
776,33,20240801,309021.46
777,33,20240901,320259.78
778,33,20241001,310785.86
779,33,20241101,346659.87
780,33,20241201,365955.89
781,33,20250101,328377.6
782,33,20250201,338963.53
783,33,20250301,344290.79
784,33,20250401,335712.26
785,33,20250501,333955.02
786,33,20250601,326653.07
787,33,20250701,303508.78
788,33,20250801,308563.73
789,33,20250901,322999.58
790,33,20251001,337987.07
791,33,20251101,364939.6
792,33,20251201,366656.22
793,34,20240101,469617.44
794,34,20240201,487031.7
795,34,20240301,489938.66
796,34,20240401,483852.12
797,34,20240501,450930.58
798,34,20240601,471168.01
799,34,20240701,447833.97
800,34,20240801,466938.43
801,34,20240901,472282.28
802,34,20241001,456591.12
803,34,20241101,504475.32
804,34,20241201,546277.85
805,34,20250101,507201.33
806,34,20250201,517536.73
807,34,20250301,493653.67
808,34,20250401,487083.55
809,34,20250501,496813.14
810,34,20250601,491614.74
811,34,20250701,444566.68
812,34,20250801,482218.67
813,34,20250901,475690.76
814,34,20251001,510748.5
815,34,20251101,524205.55
816,34,20251201,590991.56
817,35,20240101,321322.34
818,35,20240201,317651.0
819,35,20240301,308528.51
820,35,20240401,307212.52
821,35,20240501,318639.96
822,35,20240601,303995.84
823,35,20240701,297897.31
824,35,20240801,288413.43
825,35,20240901,302958.37
826,35,20241001,305427.43
827,35,20241101,318584.65
828,35,20241201,338363.52
829,35,20250101,331730.29
830,35,20250201,313501.46
831,35,20250301,317224.6
832,35,20250401,326504.61
833,35,20250501,301385.86
834,35,20250601,314593.57
835,35,20250701,323355.87
836,35,20250801,314643.29
837,35,20250901,315014.43
838,35,20251001,317517.02
839,35,20251101,333494.92
840,35,20251201,385856.29
841,36,20240101,327975.23
842,36,20240201,330746.67
843,36,20240301,328794.42
844,36,20240401,333963.35
845,36,20240501,312850.36
846,36,20240601,320050.53
847,36,20240701,321629.49
848,36,20240801,316810.4
849,36,20240901,308258.96
850,36,20241001,346843.06
851,36,20241101,357982.39
852,36,20241201,386419.67
853,36,20250101,351969.15
854,36,20250201,349242.33
855,36,20250301,353325.25
856,36,20250401,359329.22
857,36,20250501,339889.2
858,36,20250601,342823.2
859,36,20250701,325972.71
860,36,20250801,338790.32
861,36,20250901,326762.65
862,36,20251001,350854.45
863,36,20251101,365640.92
864,36,20251201,377172.44
865,37,20240101,319612.24
866,37,20240201,336740.77
867,37,20240301,339277.07
868,37,20240401,323105.19
869,37,20240501,314679.69
870,37,20240601,321085.04
871,37,20240701,306850.3
872,37,20240801,320043.46
873,37,20240901,324046.53
874,37,20241001,332940.78
875,37,20241101,354233.84
876,37,20241201,374990.73
877,37,20250101,349753.55
878,37,20250201,380320.17
879,37,20250301,354732.99
880,37,20250401,359725.11
881,37,20250501,340604.01
882,37,20250601,344462.68
883,37,20250701,308197.61
884,37,20250801,330819.38
885,37,20250901,336248.07
886,37,20251001,359932.39
887,37,20251101,343901.93
888,37,20251201,374281.48
889,38,20240101,1127395.76
890,38,20240201,1176641.47
891,38,20240301,1019434.39
892,38,20240401,1040742.89
893,38,20240501,1045364.96
894,38,20240601,1024789.43
895,38,20240701,1045232.1
896,38,20240801,1049857.78
897,38,20240901,1077047.61
898,38,20241001,1056386.2
899,38,20241101,1202349.49
900,38,20241201,1260323.06
901,38,20250101,1243064.5
902,38,20250201,1093077.23
903,38,20250301,1103299.79
904,38,20250401,1052005.14
905,38,20250501,1069841.93
906,38,20250601,1053308.37
907,38,20250701,1077004.18
908,38,20250801,1072207.81
909,38,20250901,1070237.51
910,38,20251001,1123794.19
911,38,20251101,1183828.38
912,38,20251201,1337951.23
913,39,20240101,444071.53
914,39,20240201,450827.93
915,39,20240301,431309.02
916,39,20240401,429832.42
917,39,20240501,406482.4
918,39,20240601,435751.2
919,39,20240701,444651.45
920,39,20240801,424537.19
921,39,20240901,443867.67
922,39,20241001,464499.32
923,39,20241101,470357.59
924,39,20241201,503379.4
925,39,20250101,473208.1
926,39,20250201,469624.74
927,39,20250301,472998.29
928,39,20250401,451090.18
929,39,20250501,444552.02
930,39,20250601,455836.63
931,39,20250701,422778.9
932,39,20250801,417848.45
933,39,20250901,448175.08
934,39,20251001,508069.98
935,39,20251101,469139.89
936,39,20251201,517026.73
937,40,20240101,313540.63
938,40,20240201,330215.51
939,40,20240301,306947.33
940,40,20240401,310410.66
941,40,20240501,301660.3
942,40,20240601,313949.12
943,40,20240701,284816.81
944,40,20240801,300098.56
945,40,20240901,318831.0
946,40,20241001,321805.06
947,40,20241101,325387.24
948,40,20241201,371120.24
949,40,20250101,334254.3
950,40,20250201,317120.83
951,40,20250301,340358.9
952,40,20250401,321522.61
953,40,20250501,325744.71
954,40,20250601,334359.51
955,40,20250701,305712.21
956,40,20250801,315705.18
957,40,20250901,325199.13
958,40,20251001,353144.65
959,40,20251101,342928.89
960,40,20251201,374904.6
961,41,20240101,372217.93
962,41,20240201,391073.95
963,41,20240301,371851.36
964,41,20240401,325211.5
965,41,20240501,363888.88
966,41,20240601,337467.54
967,41,20240701,339087.87
968,41,20240801,370489.54
969,41,20240901,368373.77
970,41,20241001,383342.83
971,41,20241101,397710.06
972,41,20241201,414432.69
973,41,20250101,405159.11
974,41,20250201,356071.99
975,41,20250301,395123.93
976,41,20250401,369374.44
977,41,20250501,368875.23
978,41,20250601,376495.51
979,41,20250701,346622.97
980,41,20250801,369899.06
981,41,20250901,367610.0
982,41,20251001,388505.54
983,41,20251101,419950.0
984,41,20251201,442326.56
985,42,20240101,1035237.47
986,42,20240201,994751.46
987,42,20240301,920363.86
988,42,20240401,881887.2
989,42,20240501,861456.88
990,42,20240601,923972.17
991,42,20240701,886019.02
992,42,20240801,958482.0
993,42,20240901,971307.5
994,42,20241001,1016124.04
995,42,20241101,1039118.22
996,42,20241201,1040264.22
997,42,20250101,1004349.5
998,42,20250201,1022752.67
999,42,20250301,998149.65
1000,42,20250401,943989.73
1001,42,20250501,905973.46
1002,42,20250601,1009648.17
1003,42,20250701,914769.14
1004,42,20250801,975421.42
1005,42,20250901,989495.42
1006,42,20251001,1031836.64
1007,42,20251101,1035049.47
1008,42,20251201,1164731.29
1009,43,20240101,725010.32
1010,43,20240201,701215.24
1011,43,20240301,718531.1
1012,43,20240401,687510.86
1013,43,20240501,685539.22
1014,43,20240601,708735.54
1015,43,20240701,678034.61
1016,43,20240801,664290.97
1017,43,20240901,690428.19
1018,43,20241001,693884.75
1019,43,20241101,768357.03
1020,43,20241201,826937.48
1021,43,20250101,734038.88
1022,43,20250201,778167.55
1023,43,20250301,726621.67
1024,43,20250401,707786.72
1025,43,20250501,741796.11
1026,43,20250601,748785.74
1027,43,20250701,686653.81
1028,43,20250801,729710.15
1029,43,20250901,734700.21
1030,43,20251001,781625.07
1031,43,20251101,804508.57
1032,43,20251201,874614.72
1033,44,20240101,904322.42
1034,44,20240201,856843.18
1035,44,20240301,849032.53
1036,44,20240401,824221.38
1037,44,20240501,839461.55
1038,44,20240601,817459.57
1039,44,20240701,851592.97
1040,44,20240801,833338.22
1041,44,20240901,876902.81
1042,44,20241001,914285.86
1043,44,20241101,908239.1
1044,44,20241201,914130.84
1045,44,20250101,932110.72
1046,44,20250201,929462.54
1047,44,20250301,905352.41
1048,44,20250401,940976.45
1049,44,20250501,873472.78
1050,44,20250601,915591.77
1051,44,20250701,878703.19
1052,44,20250801,869370.54
1053,44,20250901,850994.49
1054,44,20251001,939382.78
1055,44,20251101,926642.01
1056,44,20251201,1044401.19
1057,45,20240101,280222.95
1058,45,20240201,295743.09
1059,45,20240301,258117.74
1060,45,20240401,266237.77
1061,45,20240501,273312.55
1062,45,20240601,271675.36
1063,45,20240701,271526.19
1064,45,20240801,259328.08
1065,45,20240901,280549.95
1066,45,20241001,293332.22
1067,45,20241101,296393.36
1068,45,20241201,318134.79
1069,45,20250101,306931.97
1070,45,20250201,283385.94
1071,45,20250301,291081.79
1072,45,20250401,285773.43
1073,45,20250501,274481.93
1074,45,20250601,282498.8
1075,45,20250701,269035.21
1076,45,20250801,264666.42
1077,45,20250901,285366.82
1078,45,20251001,294461.7
1079,45,20251101,297077.25
1080,45,20251201,312161.61
1081,46,20240101,353456.21
1082,46,20240201,381084.68
1083,46,20240301,356818.45
1084,46,20240401,359643.43
1085,46,20240501,348862.24
1086,46,20240601,339192.28
1087,46,20240701,345157.24
1088,46,20240801,342941.44
1089,46,20240901,332748.61
1090,46,20241001,355777.41
1091,46,20241101,374961.2
1092,46,20241201,414046.92
1093,46,20250101,374683.16
1094,46,20250201,390772.97
1095,46,20250301,381101.8
1096,46,20250401,364800.95
1097,46,20250501,352277.98
1098,46,20250601,377449.63
1099,46,20250701,344507.23
1100,46,20250801,364544.07
1101,46,20250901,354057.89
1102,46,20251001,406520.47
1103,46,20251101,399814.72
1104,46,20251201,416975.87
1105,47,20240101,701681.51
1106,47,20240201,679610.02
1107,47,20240301,658602.98
1108,47,20240401,642851.39
1109,47,20240501,652630.35
1110,47,20240601,680600.34
1111,47,20240701,651119.24
1112,47,20240801,627275.28
1113,47,20240901,679012.62
1114,47,20241001,684819.55
1115,47,20241101,695534.33
1116,47,20241201,763358.78
1117,47,20250101,699701.79
1118,47,20250201,720145.25
1119,47,20250301,691611.38
1120,47,20250401,693818.32
1121,47,20250501,676246.42
1122,47,20250601,697988.46
1123,47,20250701,686667.61
1124,47,20250801,672159.03
1125,47,20250901,650532.72
1126,47,20251001,701850.68
1127,47,20251101,735468.77
1128,47,20251201,759086.58
1129,48,20240101,439175.02
1130,48,20240201,409870.16
1131,48,20240301,420624.83
1132,48,20240401,403653.93
1133,48,20240501,417450.7
1134,48,20240601,420135.24
1135,48,20240701,381759.54
1136,48,20240801,400844.72
1137,48,20240901,405882.69
1138,48,20241001,438430.55
1139,48,20241101,445831.8
1140,48,20241201,499807.51
1141,48,20250101,443799.6
1142,48,20250201,438733.47
1143,48,20250301,457668.25
1144,48,20250401,426048.94
1145,48,20250501,436056.78
1146,48,20250601,410402.8
1147,48,20250701,421300.45
1148,48,20250801,393496.41
1149,48,20250901,405759.1
1150,48,20251001,461588.44
1151,48,20251101,484650.82
1152,48,20251201,488383.24
1153,49,20240101,1224650.36
1154,49,20240201,1101481.3
1155,49,20240301,1113610.21
1156,49,20240401,1108680.62
1157,49,20240501,1104161.74
1158,49,20240601,1096221.09
1159,49,20240701,1051559.15
1160,49,20240801,1054316.27
1161,49,20240901,1134080.52
1162,49,20241001,1083012.88
1163,49,20241101,1207327.96
1164,49,20241201,1206090.55
1165,49,20250101,1267427.02
1166,49,20250201,1244351.39
1167,49,20250301,1165558.78
1168,49,20250401,1144712.33
1169,49,20250501,1119962.88
1170,49,20250601,1190642.28
1171,49,20250701,1071014.24
1172,49,20250801,1184197.34
1173,49,20250901,1134648.36
1174,49,20251001,1241352.47
1175,49,20251101,1199988.17
1176,49,20251201,1289607.82
1177,50,20240101,1285023.49
1178,50,20240201,1304588.92
1179,50,20240301,1178426.3
1180,50,20240401,1120501.11
1181,50,20240501,1171285.94
1182,50,20240601,1220976.52
1183,50,20240701,1118103.82
1184,50,20240801,1179206.21
1185,50,20240901,1179802.74
1186,50,20241001,1200583.59
1187,50,20241101,1321808.39
1188,50,20241201,1386970.2
1189,50,20250101,1323477.64
1190,50,20250201,1301087.99
1191,50,20250301,1318499.18
1192,50,20250401,1201461.83
1193,50,20250501,1181604.76
1194,50,20250601,1234499.66
1195,50,20250701,1274576.85
1196,50,20250801,1236400.11
1197,50,20250901,1201357.37
1198,50,20251001,1358313.66
1199,50,20251101,1336746.48
1200,50,20251201,1393472.12
1201,51,20240101,562807.87
1202,51,20240201,552844.38
1203,51,20240301,565883.79
1204,51,20240401,586138.1
1205,51,20240501,543503.05
1206,51,20240601,565230.48
1207,51,20240701,525500.67
1208,51,20240801,577110.29
1209,51,20240901,585471.93
1210,51,20241001,578485.09
1211,51,20241101,616105.28
1212,51,20241201,663063.44
1213,51,20250101,621064.43
1214,51,20250201,611479.82
1215,51,20250301,611648.62
1216,51,20250401,601978.06
1217,51,20250501,599918.28
1218,51,20250601,610502.67
1219,51,20250701,581175.0
1220,51,20250801,580906.39
1221,51,20250901,594057.65
1222,51,20251001,674673.57
1223,51,20251101,666727.8
1224,51,20251201,719042.25
1225,52,20240101,804910.43
1226,52,20240201,774841.88
1227,52,20240301,773339.31
1228,52,20240401,754341.58
1229,52,20240501,760764.3
1230,52,20240601,784895.47
1231,52,20240701,765244.56
1232,52,20240801,763983.85
1233,52,20240901,796841.55
1234,52,20241001,834304.14
1235,52,20241101,848339.2
1236,52,20241201,918383.63
1237,52,20250101,834310.62
1238,52,20250201,823649.92
1239,52,20250301,885431.47
1240,52,20250401,827300.44
1241,52,20250501,792095.5
1242,52,20250601,805383.02
1243,52,20250701,776877.39
1244,52,20250801,750126.71
1245,52,20250901,832778.79
1246,52,20251001,818966.68
1247,52,20251101,860869.05
1248,52,20251201,956072.16
1249,53,20240101,536478.84
1250,53,20240201,520630.19
1251,53,20240301,476308.77
1252,53,20240401,462492.55
1253,53,20240501,482444.49
1254,53,20240601,481878.45
1255,53,20240701,468500.4
1256,53,20240801,476961.44
1257,53,20240901,494062.34
1258,53,20241001,482570.36
1259,53,20241101,514260.12
1260,53,20241201,562098.57
1261,53,20250101,547402.11
1262,53,20250201,540763.32
1263,53,20250301,530877.26
1264,53,20250401,504685.43
1265,53,20250501,513243.45
1266,53,20250601,531147.95
1267,53,20250701,472902.15
1268,53,20250801,515135.26
1269,53,20250901,516385.52
1270,53,20251001,557262.35
1271,53,20251101,545791.8
1272,53,20251201,584045.7
1273,54,20240101,271432.31
1274,54,20240201,279061.0
1275,54,20240301,282498.37
1276,54,20240401,252230.64
1277,54,20240501,242500.02
1278,54,20240601,255747.78
1279,54,20240701,254946.87
1280,54,20240801,254149.53
1281,54,20240901,278312.31
1282,54,20241001,268316.35
1283,54,20241101,296662.96
1284,54,20241201,297071.32
1285,54,20250101,277377.2
1286,54,20250201,289374.92
1287,54,20250301,277435.61
1288,54,20250401,275487.19
1289,54,20250501,267141.94
1290,54,20250601,277772.71
1291,54,20250701,245783.26
1292,54,20250801,257885.65
1293,54,20250901,286520.65
1294,54,20251001,286801.75
1295,54,20251101,286324.05
1296,54,20251201,318604.42
1297,55,20240101,590776.44
1298,55,20240201,569016.25
1299,55,20240301,527012.21
1300,55,20240401,547551.45
1301,55,20240501,540664.07
1302,55,20240601,570002.18
1303,55,20240701,529954.11
1304,55,20240801,564672.55
1305,55,20240901,537913.64
1306,55,20241001,563128.58
1307,55,20241101,597949.46
1308,55,20241201,634242.14
1309,55,20250101,620686.73
1310,55,20250201,631946.74
1311,55,20250301,601956.53
1312,55,20250401,570565.68
1313,55,20250501,588402.1
1314,55,20250601,573647.56
1315,55,20250701,531848.65
1316,55,20250801,566386.67
1317,55,20250901,587971.13
1318,55,20251001,618804.56
1319,55,20251101,632755.01
1320,55,20251201,674554.2
1321,56,20240101,374220.69
1322,56,20240201,373169.92
1323,56,20240301,354348.22
1324,56,20240401,370701.4
1325,56,20240501,326322.53
1326,56,20240601,357066.07
1327,56,20240701,346143.14
1328,56,20240801,369233.91
1329,56,20240901,354617.69
1330,56,20241001,362401.62
1331,56,20241101,362134.4
1332,56,20241201,404520.98
1333,56,20250101,376912.63
1334,56,20250201,392917.62
1335,56,20250301,358860.16
1336,56,20250401,372567.29
1337,56,20250501,368750.33
1338,56,20250601,346287.94
1339,56,20250701,335186.1
1340,56,20250801,347207.6
1341,56,20250901,358638.25
1342,56,20251001,381210.08
1343,56,20251101,395807.57
1344,56,20251201,429636.26
1345,57,20240101,965113.59
1346,57,20240201,987159.93
1347,57,20240301,1027207.41
1348,57,20240401,971620.41
1349,57,20240501,921637.08
1350,57,20240601,939756.07
1351,57,20240701,913391.74
1352,57,20240801,964755.81
1353,57,20240901,939108.89
1354,57,20241001,985461.04
1355,57,20241101,1057453.45
1356,57,20241201,1036567.62
1357,57,20250101,1107800.29
1358,57,20250201,1068243.33
1359,57,20250301,1053186.6
1360,57,20250401,1009885.97
1361,57,20250501,963461.11
1362,57,20250601,944280.58
1363,57,20250701,977686.03
1364,57,20250801,953443.24
1365,57,20250901,1050920.71
1366,57,20251001,1030076.71
1367,57,20251101,1101034.68
1368,57,20251201,1182381.26
1369,58,20240101,394707.21
1370,58,20240201,395752.42
1371,58,20240301,377597.71
1372,58,20240401,374162.15
1373,58,20240501,345748.49
1374,58,20240601,344315.08
1375,58,20240701,354439.0
1376,58,20240801,358158.32
1377,58,20240901,382219.04
1378,58,20241001,379391.66
1379,58,20241101,387558.66
1380,58,20241201,434194.79
1381,58,20250101,400603.46
1382,58,20250201,408343.99
1383,58,20250301,372485.37
1384,58,20250401,382343.21
1385,58,20250501,373139.0
1386,58,20250601,367978.6
1387,58,20250701,382420.96
1388,58,20250801,384209.67
1389,58,20250901,395482.0
1390,58,20251001,419475.29
1391,58,20251101,412698.72
1392,58,20251201,434607.29
1393,59,20240101,368153.31
1394,59,20240201,378348.22
1395,59,20240301,345811.3
1396,59,20240401,332217.34
1397,59,20240501,327175.32
1398,59,20240601,354354.76
1399,59,20240701,352305.78
1400,59,20240801,352730.97
1401,59,20240901,347839.66
1402,59,20241001,350352.85
1403,59,20241101,367236.57
1404,59,20241201,401146.35
1405,59,20250101,396239.52
1406,59,20250201,410790.8
1407,59,20250301,367146.69
1408,59,20250401,355793.94
1409,59,20250501,345673.32
1410,59,20250601,378848.37
1411,59,20250701,372576.5
1412,59,20250801,359230.43
1413,59,20250901,358106.81
1414,59,20251001,379162.73
1415,59,20251101,396161.34
1416,59,20251201,406048.57
1417,60,20240101,689184.07
1418,60,20240201,672858.1
1419,60,20240301,685414.57
1420,60,20240401,644100.03
1421,60,20240501,640082.31
1422,60,20240601,644269.31
1423,60,20240701,632604.67
1424,60,20240801,658471.37
1425,60,20240901,680754.22
1426,60,20241001,709215.62
1427,60,20241101,716127.64
1428,60,20241201,775193.16
1429,60,20250101,744564.62
1430,60,20250201,699982.52
1431,60,20250301,732553.43
1432,60,20250401,674697.75
1433,60,20250501,673667.86
1434,60,20250601,689567.39
1435,60,20250701,612326.85
1436,60,20250801,691674.45
1437,60,20250901,713774.76
1438,60,20251001,708519.54
1439,60,20251101,806317.46
1440,60,20251201,790809.59
1441,61,20240101,409252.97
1442,61,20240201,415318.42
1443,61,20240301,371226.17
1444,61,20240401,371331.68
1445,61,20240501,389650.51
1446,61,20240601,387361.99
1447,61,20240701,370902.68
1448,61,20240801,389842.5
1449,61,20240901,387706.95
1450,61,20241001,407660.81
1451,61,20241101,426800.51
1452,61,20241201,464309.11
1453,61,20250101,437774.32
1454,61,20250201,436981.67
1455,61,20250301,420220.21
1456,61,20250401,389329.0
1457,61,20250501,396311.3
1458,61,20250601,402652.32
1459,61,20250701,395801.64
1460,61,20250801,403348.78
1461,61,20250901,425549.98
1462,61,20251001,419056.21
1463,61,20251101,442775.55
1464,61,20251201,461199.68
1465,62,20240101,335634.08
1466,62,20240201,314389.54
1467,62,20240301,321519.83
1468,62,20240401,324411.68
1469,62,20240501,306880.81
1470,62,20240601,329280.04
1471,62,20240701,291473.16
1472,62,20240801,321147.19
1473,62,20240901,322732.4
1474,62,20241001,317126.89
1475,62,20241101,340223.37
1476,62,20241201,343944.47
1477,62,20250101,344552.98
1478,62,20250201,349897.78
1479,62,20250301,346166.03
1480,62,20250401,334873.36
1481,62,20250501,338914.95
1482,62,20250601,324918.04
1483,62,20250701,323448.83
1484,62,20250801,310750.38
1485,62,20250901,316354.29
1486,62,20251001,360726.27
1487,62,20251101,360188.81
1488,62,20251201,367533.57
1489,63,20240101,612466.84
1490,63,20240201,545639.57
1491,63,20240301,572042.28
1492,63,20240401,564918.75
1493,63,20240501,553926.68
1494,63,20240601,542768.54
1495,63,20240701,529158.26
1496,63,20240801,543797.96
1497,63,20240901,589429.66
1498,63,20241001,575747.37
1499,63,20241101,619648.47
1500,63,20241201,636378.91
1501,63,20250101,639204.54
1502,63,20250201,591362.97
1503,63,20250301,611335.54
1504,63,20250401,582827.94
1505,63,20250501,575190.88
1506,63,20250601,603092.87
1507,63,20250701,520852.48
1508,63,20250801,555812.32
1509,63,20250901,588092.9
1510,63,20251001,643003.42
1511,63,20251101,628173.11
1512,63,20251201,659960.1
1513,64,20240101,398946.67
1514,64,20240201,356317.83
1515,64,20240301,390380.42
1516,64,20240401,364603.19
1517,64,20240501,357253.92
1518,64,20240601,374889.13
1519,64,20240701,331619.51
1520,64,20240801,366470.66
1521,64,20240901,371880.31
1522,64,20241001,404969.17
1523,64,20241101,388638.72
1524,64,20241201,452465.48
1525,64,20250101,394878.0
1526,64,20250201,421262.75
1527,64,20250301,391254.37
1528,64,20250401,402109.16
1529,64,20250501,373660.37
1530,64,20250601,421075.61
1531,64,20250701,370458.25
1532,64,20250801,391020.95
1533,64,20250901,380415.74
1534,64,20251001,420684.09
1535,64,20251101,415054.75
1536,64,20251201,410436.48
1537,65,20240101,642946.19
1538,65,20240201,669130.41
1539,65,20240301,659329.39
1540,65,20240401,638837.2
1541,65,20240501,648525.08
1542,65,20240601,672791.34
1543,65,20240701,611736.92
1544,65,20240801,613893.88
1545,65,20240901,641826.52
1546,65,20241001,652084.66
1547,65,20241101,659312.24
1548,65,20241201,707678.46
1549,65,20250101,692479.98
1550,65,20250201,704594.03
1551,65,20250301,672252.27
1552,65,20250401,674719.63
1553,65,20250501,658028.91
1554,65,20250601,652629.06
1555,65,20250701,613297.41
1556,65,20250801,636208.55
1557,65,20250901,651793.29
1558,65,20251001,687329.9
1559,65,20251101,724129.45
1560,65,20251201,791143.21
1561,66,20240101,319539.8
1562,66,20240201,352850.89
1563,66,20240301,327354.95
1564,66,20240401,307998.35
1565,66,20240501,323621.13
1566,66,20240601,316936.29
1567,66,20240701,311149.26
1568,66,20240801,300614.75
1569,66,20240901,325378.53
1570,66,20241001,341929.84
1571,66,20241101,340699.24
1572,66,20241201,365380.81
1573,66,20250101,344863.03
1574,66,20250201,365658.75
1575,66,20250301,334432.05
1576,66,20250401,346007.06
1577,66,20250501,317428.92
1578,66,20250601,345013.33
1579,66,20250701,301097.33
1580,66,20250801,319345.18
1581,66,20250901,341497.01
1582,66,20251001,338649.66
1583,66,20251101,349648.93
1584,66,20251201,372436.83
1585,67,20240101,337793.7
1586,67,20240201,327418.67
1587,67,20240301,332202.79
1588,67,20240401,319466.84
1589,67,20240501,299136.82
1590,67,20240601,315299.86
1591,67,20240701,297657.15
1592,67,20240801,294918.85
1593,67,20240901,321431.25
1594,67,20241001,334448.07
1595,67,20241101,328165.74
1596,67,20241201,365106.44
1597,67,20250101,338298.19
1598,67,20250201,349372.72
1599,67,20250301,328358.85
1600,67,20250401,344393.05
1601,67,20250501,335859.0
1602,67,20250601,349891.62
1603,67,20250701,338000.35
1604,67,20250801,338295.88
1605,67,20250901,327121.6
1606,67,20251001,347677.53
1607,67,20251101,369233.84
1608,67,20251201,359494.48
1609,68,20240101,412746.7
1610,68,20240201,443087.45
1611,68,20240301,391752.53
1612,68,20240401,394940.97
1613,68,20240501,375599.79
1614,68,20240601,373593.94
1615,68,20240701,390558.75
1616,68,20240801,357418.0
1617,68,20240901,409510.76
1618,68,20241001,412047.48
1619,68,20241101,432092.04
1620,68,20241201,447858.51
1621,68,20250101,439991.04
1622,68,20250201,443032.56
1623,68,20250301,412531.54
1624,68,20250401,416533.4
1625,68,20250501,409625.9
1626,68,20250601,419413.79
1627,68,20250701,408509.81
1628,68,20250801,411712.17
1629,68,20250901,431165.98
1630,68,20251001,434073.08
1631,68,20251101,448130.47
1632,68,20251201,482503.29
1633,69,20240101,691830.44
1634,69,20240201,644364.56
1635,69,20240301,634457.62
1636,69,20240401,642299.95
1637,69,20240501,637835.42
1638,69,20240601,661686.33
1639,69,20240701,616885.78
1640,69,20240801,630875.93
1641,69,20240901,680166.05
1642,69,20241001,677756.26
1643,69,20241101,700277.32
1644,69,20241201,780408.79
1645,69,20250101,752297.58
1646,69,20250201,733799.31
1647,69,20250301,714511.31
1648,69,20250401,682272.5
1649,69,20250501,714807.58
1650,69,20250601,685045.01
1651,69,20250701,671082.18
1652,69,20250801,698070.11
1653,69,20250901,685077.75
1654,69,20251001,712689.81
1655,69,20251101,704109.5
1656,69,20251201,788836.87
1657,70,20240101,848081.46
1658,70,20240201,837520.34
1659,70,20240301,847585.14
1660,70,20240401,875656.29
1661,70,20240501,820977.23
1662,70,20240601,844857.93
1663,70,20240701,837204.72
1664,70,20240801,857250.77
1665,70,20240901,841409.67
1666,70,20241001,842312.75
1667,70,20241101,871398.1
1668,70,20241201,978629.64
1669,70,20250101,890381.54
1670,70,20250201,930705.2
1671,70,20250301,886483.05
1672,70,20250401,850120.84
1673,70,20250501,840580.19
1674,70,20250601,869591.67
1675,70,20250701,833100.56
1676,70,20250801,858647.75
1677,70,20250901,950825.36
1678,70,20251001,927020.41
1679,70,20251101,918309.22
1680,70,20251201,949033.37
1681,71,20240101,373517.32
1682,71,20240201,367374.95
1683,71,20240301,356219.64
1684,71,20240401,353304.43
1685,71,20240501,328241.57
1686,71,20240601,364567.63
1687,71,20240701,324298.79
1688,71,20240801,338465.53
1689,71,20240901,342405.35
1690,71,20241001,340491.03
1691,71,20241101,353778.04
1692,71,20241201,397123.06
1693,71,20250101,381918.95
1694,71,20250201,382778.78
1695,71,20250301,368896.21
1696,71,20250401,363469.56
1697,71,20250501,361137.24
1698,71,20250601,365745.03
1699,71,20250701,359087.46
1700,71,20250801,345713.22
1701,71,20250901,345896.44
1702,71,20251001,353544.39
1703,71,20251101,371687.43
1704,71,20251201,405641.87
1705,72,20240101,1314139.9
1706,72,20240201,1285840.52
1707,72,20240301,1243256.02
1708,72,20240401,1238950.34
1709,72,20240501,1197523.73
1710,72,20240601,1256713.98
1711,72,20240701,1122089.61
1712,72,20240801,1222570.54
1713,72,20240901,1300337.0
1714,72,20241001,1303648.1
1715,72,20241101,1322652.03
1716,72,20241201,1382003.15
1717,72,20250101,1467543.95
1718,72,20250201,1345896.05
1719,72,20250301,1298652.16
1720,72,20250401,1257455.28
1721,72,20250501,1261357.56
1722,72,20250601,1285601.71
1723,72,20250701,1220887.54
1724,72,20250801,1282814.48
1725,72,20250901,1320624.75
1726,72,20251001,1386836.4
1727,72,20251101,1429215.34
1728,72,20251201,1519349.43
1729,73,20240101,462367.71
1730,73,20240201,496111.15
1731,73,20240301,463521.62
1732,73,20240401,469796.17
1733,73,20240501,447544.11
1734,73,20240601,466420.27
1735,73,20240701,457044.48
1736,73,20240801,435691.49
1737,73,20240901,458338.91
1738,73,20241001,495523.84
1739,73,20241101,482766.55
1740,73,20241201,533574.21
1741,73,20250101,484843.06
1742,73,20250201,536473.01
1743,73,20250301,518530.64
1744,73,20250401,449236.51
1745,73,20250501,470731.05
1746,73,20250601,484873.27
1747,73,20250701,472842.13
1748,73,20250801,470507.22
1749,73,20250901,490663.13
1750,73,20251001,523102.43
1751,73,20251101,503860.73
1752,73,20251201,570077.74
1753,74,20240101,767324.34
1754,74,20240201,774013.85
1755,74,20240301,741979.2
1756,74,20240401,768514.66
1757,74,20240501,688361.73
1758,74,20240601,728263.6
1759,74,20240701,660085.85
1760,74,20240801,684628.85
1761,74,20240901,730118.24
1762,74,20241001,773177.05
1763,74,20241101,787345.72
1764,74,20241201,844450.2
1765,74,20250101,774397.36
1766,74,20250201,779992.36
1767,74,20250301,769201.91
1768,74,20250401,756708.07
1769,74,20250501,730119.58
1770,74,20250601,737100.96
1771,74,20250701,715763.42
1772,74,20250801,734634.46
1773,74,20250901,690982.09
1774,74,20251001,793923.73
1775,74,20251101,853580.01
1776,74,20251201,855482.19
1777,75,20240101,509886.73
1778,75,20240201,522241.62
1779,75,20240301,516622.76
1780,75,20240401,481720.26
1781,75,20240501,485534.52
1782,75,20240601,507730.32
1783,75,20240701,504307.28
1784,75,20240801,499967.81
1785,75,20240901,499542.68
1786,75,20241001,542111.35
1787,75,20241101,549191.7
1788,75,20241201,591479.8
1789,75,20250101,574083.99
1790,75,20250201,524236.46
1791,75,20250301,530534.8
1792,75,20250401,528664.84
1793,75,20250501,521799.75
1794,75,20250601,528705.83
1795,75,20250701,503472.11
1796,75,20250801,525406.86
1797,75,20250901,524621.28
1798,75,20251001,559245.79
1799,75,20251101,564965.25
1800,75,20251201,581509.26
1801,76,20240101,641362.39
1802,76,20240201,635624.49
1803,76,20240301,636289.18
1804,76,20240401,606026.2
1805,76,20240501,607633.56
1806,76,20240601,629383.18
1807,76,20240701,549131.87
1808,76,20240801,646589.67
1809,76,20240901,614501.96
1810,76,20241001,618960.03
1811,76,20241101,644117.28
1812,76,20241201,706709.0
1813,76,20250101,647382.24
1814,76,20250201,639956.86
1815,76,20250301,683152.38
1816,76,20250401,652179.04
1817,76,20250501,594662.05
1818,76,20250601,616083.36
1819,76,20250701,622026.15
1820,76,20250801,590135.93
1821,76,20250901,644487.66
1822,76,20251001,647603.8
1823,76,20251101,682079.05
1824,76,20251201,723225.66
1825,77,20240101,992024.39
1826,77,20240201,1078141.0
1827,77,20240301,1039634.5
1828,77,20240401,1021080.29
1829,77,20240501,970503.92
1830,77,20240601,944744.78
1831,77,20240701,963216.27
1832,77,20240801,963908.07
1833,77,20240901,997972.98
1834,77,20241001,969481.66
1835,77,20241101,1115397.18
1836,77,20241201,1148548.53
1837,77,20250101,1112199.95
1838,77,20250201,1059590.55
1839,77,20250301,1035571.81
1840,77,20250401,1015784.8
1841,77,20250501,1032415.35
1842,77,20250601,1101199.99
1843,77,20250701,1056162.81
1844,77,20250801,1029786.26
1845,77,20250901,1073627.01
1846,77,20251001,1109910.92
1847,77,20251101,1135059.85
1848,77,20251201,1207319.9
1849,78,20240101,505594.82
1850,78,20240201,448750.09
1851,78,20240301,451373.75
1852,78,20240401,453919.0
1853,78,20240501,455176.33
1854,78,20240601,457626.85
1855,78,20240701,459504.98
1856,78,20240801,421692.55
1857,78,20240901,463993.15
1858,78,20241001,466335.88
1859,78,20241101,491968.2
1860,78,20241201,535680.84
1861,78,20250101,483676.23
1862,78,20250201,525117.74
1863,78,20250301,500882.88
1864,78,20250401,463875.91
1865,78,20250501,460238.32
1866,78,20250601,488688.66
1867,78,20250701,446857.83
1868,78,20250801,485206.17
1869,78,20250901,463609.28
1870,78,20251001,471097.89
1871,78,20251101,508339.32
1872,78,20251201,529773.24
1873,79,20240101,786901.1
1874,79,20240201,775251.7
1875,79,20240301,741442.87
1876,79,20240401,747145.33
1877,79,20240501,727297.0
1878,79,20240601,753197.83
1879,79,20240701,701003.59
1880,79,20240801,734500.48
1881,79,20240901,695272.63
1882,79,20241001,776574.58
1883,79,20241101,772984.9
1884,79,20241201,816206.88
1885,79,20250101,791634.41
1886,79,20250201,800964.89
1887,79,20250301,802047.04
1888,79,20250401,761148.58
1889,79,20250501,724482.26
1890,79,20250601,813327.65
1891,79,20250701,719496.03
1892,79,20250801,723165.37
1893,79,20250901,753471.08
1894,79,20251001,756237.53
1895,79,20251101,821964.63
1896,79,20251201,916288.47
1897,80,20240101,384065.7
1898,80,20240201,365681.74
1899,80,20240301,338546.89
1900,80,20240401,353040.72
1901,80,20240501,326722.48
1902,80,20240601,342407.64
1903,80,20240701,343619.61
1904,80,20240801,335283.02
1905,80,20240901,330414.3
1906,80,20241001,366452.1
1907,80,20241101,370305.17
1908,80,20241201,417310.26
1909,80,20250101,382330.96
1910,80,20250201,375078.09
1911,80,20250301,351437.13
1912,80,20250401,364861.87
1913,80,20250501,351041.8
1914,80,20250601,346931.44
1915,80,20250701,341067.06
1916,80,20250801,355542.47
1917,80,20250901,372139.14
1918,80,20251001,380456.11
1919,80,20251101,395196.06
1920,80,20251201,393857.06
1921,81,20240101,464984.0
1922,81,20240201,459921.39
1923,81,20240301,472155.92
1924,81,20240401,445821.8
1925,81,20240501,439016.46
1926,81,20240601,457362.0
1927,81,20240701,441924.89
1928,81,20240801,424964.37
1929,81,20240901,457410.37
1930,81,20241001,483048.27
1931,81,20241101,473186.59
1932,81,20241201,511395.02
1933,81,20250101,495902.07
1934,81,20250201,494770.8
1935,81,20250301,464306.69
1936,81,20250401,445165.19
1937,81,20250501,446414.13
1938,81,20250601,483472.73
1939,81,20250701,447568.25
1940,81,20250801,424839.58
1941,81,20250901,475101.95
1942,81,20251001,501394.74
1943,81,20251101,503708.89
1944,81,20251201,542269.97
1945,82,20240101,602525.14
1946,82,20240201,565950.76
1947,82,20240301,553165.23
1948,82,20240401,512995.45
1949,82,20240501,529464.92
1950,82,20240601,559291.88
1951,82,20240701,516924.55
1952,82,20240801,529710.17
1953,82,20240901,544458.1
1954,82,20241001,581602.27
1955,82,20241101,566654.01
1956,82,20241201,654075.67
1957,82,20250101,585384.15
1958,82,20250201,571727.22
1959,82,20250301,587122.36
1960,82,20250401,561004.25
1961,82,20250501,567291.55
1962,82,20250601,560050.41
1963,82,20250701,544856.56
1964,82,20250801,545162.53
1965,82,20250901,562688.6
1966,82,20251001,575197.48
1967,82,20251101,615259.21
1968,82,20251201,650616.55
1969,83,20240101,435075.02
1970,83,20240201,443578.27
1971,83,20240301,454691.43
1972,83,20240401,437520.62
1973,83,20240501,410659.74
1974,83,20240601,413157.34
1975,83,20240701,408271.27
1976,83,20240801,402488.07
1977,83,20240901,418436.96
1978,83,20241001,451936.4
1979,83,20241101,468949.42
1980,83,20241201,480397.75
1981,83,20250101,486235.36
1982,83,20250201,461957.46
1983,83,20250301,479088.3
1984,83,20250401,458114.28
1985,83,20250501,412589.1
1986,83,20250601,453700.04
1987,83,20250701,443771.72
1988,83,20250801,444605.81
1989,83,20250901,452435.67
1990,83,20251001,483022.49
1991,83,20251101,474801.33
1992,83,20251201,520265.95
1993,84,20240101,464948.21
1994,84,20240201,460859.75
1995,84,20240301,446801.63
1996,84,20240401,427866.01
1997,84,20240501,431860.92
1998,84,20240601,457140.43
1999,84,20240701,404043.76
2000,84,20240801,447067.3
2001,84,20240901,432081.63
2002,84,20241001,429391.47
2003,84,20241101,465194.1
2004,84,20241201,507831.62
2005,84,20250101,459933.4
2006,84,20250201,452954.25
2007,84,20250301,489990.47
2008,84,20250401,464704.31
2009,84,20250501,452967.52
2010,84,20250601,460983.92
2011,84,20250701,435181.38
2012,84,20250801,450554.57
2013,84,20250901,455080.39
2014,84,20251001,482772.63
2015,84,20251101,483725.08
2016,84,20251201,500199.22
2017,85,20240101,375974.91
2018,85,20240201,376146.65
2019,85,20240301,377378.9
2020,85,20240401,355427.45
2021,85,20240501,346461.54
2022,85,20240601,365034.59
2023,85,20240701,353212.32
2024,85,20240801,342764.02
2025,85,20240901,383029.51
2026,85,20241001,378581.67
2027,85,20241101,395760.85
2028,85,20241201,392553.62
2029,85,20250101,406359.34
2030,85,20250201,421878.5
2031,85,20250301,397932.76
2032,85,20250401,373905.12
2033,85,20250501,359922.88
2034,85,20250601,389898.89
2035,85,20250701,344814.48
2036,85,20250801,359077.53
2037,85,20250901,394558.55
2038,85,20251001,398673.45
2039,85,20251101,415998.65
2040,85,20251201,430763.96
2041,86,20240101,296961.41
2042,86,20240201,305109.37
2043,86,20240301,304725.67
2044,86,20240401,292024.89
2045,86,20240501,281186.97
2046,86,20240601,289063.28
2047,86,20240701,276196.81
2048,86,20240801,291509.64
2049,86,20240901,297272.85
2050,86,20241001,309162.57
2051,86,20241101,315776.3
2052,86,20241201,329805.46
2053,86,20250101,317496.34
2054,86,20250201,326036.64
2055,86,20250301,303997.93
2056,86,20250401,293894.81
2057,86,20250501,301254.59
2058,86,20250601,304319.56
2059,86,20250701,297141.19
2060,86,20250801,297759.89
2061,86,20250901,293404.01
2062,86,20251001,320445.45
2063,86,20251101,332080.13
2064,86,20251201,349235.65
2065,87,20240101,698717.01
2066,87,20240201,674254.73
2067,87,20240301,639471.06
2068,87,20240401,681774.27
2069,87,20240501,633170.32
2070,87,20240601,679910.11
2071,87,20240701,627518.72
2072,87,20240801,668242.53
2073,87,20240901,659395.28
2074,87,20241001,692084.25
2075,87,20241101,714783.05
2076,87,20241201,782256.55
2077,87,20250101,742372.48
2078,87,20250201,757235.32
2079,87,20250301,730652.99
2080,87,20250401,688282.1
2081,87,20250501,684818.17
2082,87,20250601,678218.82
2083,87,20250701,680949.86
2084,87,20250801,655521.31
2085,87,20250901,712808.98
2086,87,20251001,726103.02
2087,87,20251101,714538.55
2088,87,20251201,768833.24
2089,88,20240101,665014.18
2090,88,20240201,623708.17
2091,88,20240301,644233.41
2092,88,20240401,651422.15
2093,88,20240501,596021.06
2094,88,20240601,662021.46
2095,88,20240701,591814.21
2096,88,20240801,602457.1
2097,88,20240901,667486.82
2098,88,20241001,673403.53
2099,88,20241101,693585.79
2100,88,20241201,679711.17
2101,88,20250101,680744.2
2102,88,20250201,648473.4
2103,88,20250301,663676.87
2104,88,20250401,603711.41
2105,88,20250501,598334.74
2106,88,20250601,679129.32
2107,88,20250701,614500.84
2108,88,20250801,635959.45
2109,88,20250901,668655.24
2110,88,20251001,667035.59
2111,88,20251101,682225.54
2112,88,20251201,754031.14
2113,89,20240101,757536.92
2114,89,20240201,806334.19
2115,89,20240301,779706.25
2116,89,20240401,737856.59
2117,89,20240501,707076.03
2118,89,20240601,749597.05
2119,89,20240701,691190.98
2120,89,20240801,722310.61
2121,89,20240901,716681.76
2122,89,20241001,709021.99
2123,89,20241101,794731.6
2124,89,20241201,839811.11
2125,89,20250101,799614.52
2126,89,20250201,798991.38
2127,89,20250301,835235.79
2128,89,20250401,775376.93
2129,89,20250501,702963.07
2130,89,20250601,808609.94
2131,89,20250701,704214.5
2132,89,20250801,770201.94
2133,89,20250901,792458.37
2134,89,20251001,824523.42
2135,89,20251101,834209.69
2136,89,20251201,890680.75
2137,90,20240101,367508.0
2138,90,20240201,362846.55
2139,90,20240301,341892.43
2140,90,20240401,319089.33
2141,90,20240501,333820.27
2142,90,20240601,334219.18
2143,90,20240701,341113.77
2144,90,20240801,332214.37
2145,90,20240901,336236.48
2146,90,20241001,373896.76
2147,90,20241101,363215.64
2148,90,20241201,401671.18
2149,90,20250101,372083.62
2150,90,20250201,367259.33
2151,90,20250301,355872.23
2152,90,20250401,357423.83
2153,90,20250501,353586.18
2154,90,20250601,358020.34
2155,90,20250701,341441.72
2156,90,20250801,361502.53
2157,90,20250901,356048.02
2158,90,20251001,363718.57
2159,90,20251101,370102.81
2160,90,20251201,417851.16
2161,91,20240101,566883.52
2162,91,20240201,556159.25
2163,91,20240301,529881.5
2164,91,20240401,569112.58
2165,91,20240501,515472.33
2166,91,20240601,536979.21
2167,91,20240701,479526.93
2168,91,20240801,520055.75
2169,91,20240901,518871.23
2170,91,20241001,539560.61
2171,91,20241101,552688.04
2172,91,20241201,584526.74
2173,91,20250101,591410.45
2174,91,20250201,587461.16
2175,91,20250301,569331.44
2176,91,20250401,536513.03
2177,91,20250501,562656.59
2178,91,20250601,566646.43
2179,91,20250701,524611.3
2180,91,20250801,522501.51
2181,91,20250901,562992.7
2182,91,20251001,574284.27
2183,91,20251101,592827.29
2184,91,20251201,636093.76
2185,92,20240101,300958.43
2186,92,20240201,292226.44
2187,92,20240301,286025.22
2188,92,20240401,280085.89
2189,92,20240501,281286.82
2190,92,20240601,271971.57
2191,92,20240701,261152.28
2192,92,20240801,274349.41
2193,92,20240901,305242.22
2194,92,20241001,284015.76
2195,92,20241101,305002.19
2196,92,20241201,325483.73
2197,92,20250101,297601.99
2198,92,20250201,319399.64
2199,92,20250301,296715.11
2200,92,20250401,298539.21
2201,92,20250501,293755.02
2202,92,20250601,298052.42
2203,92,20250701,284197.03
2204,92,20250801,289943.95
2205,92,20250901,296060.82
2206,92,20251001,296366.25
2207,92,20251101,299183.83
2208,92,20251201,314667.56
2209,93,20240101,665339.69
2210,93,20240201,678143.89
2211,93,20240301,676006.82
2212,93,20240401,669171.57
2213,93,20240501,656342.71
2214,93,20240601,709073.13
2215,93,20240701,629667.69
2216,93,20240801,651438.19
2217,93,20240901,685952.12
2218,93,20241001,651864.63
2219,93,20241101,737594.2
2220,93,20241201,790798.11
2221,93,20250101,758852.39
2222,93,20250201,742778.15
2223,93,20250301,722131.98
2224,93,20250401,704419.22
2225,93,20250501,648078.38
2226,93,20250601,730724.79
2227,93,20250701,684222.39
2228,93,20250801,680107.14
2229,93,20250901,704152.79
2230,93,20251001,732821.81
2231,93,20251101,709308.61
2232,93,20251201,773195.45
2233,94,20240101,758648.23
2234,94,20240201,768152.42
2235,94,20240301,774466.2
2236,94,20240401,776661.17
2237,94,20240501,751113.02
2238,94,20240601,743911.83
2239,94,20240701,759884.42
2240,94,20240801,723298.11
2241,94,20240901,783710.57
2242,94,20241001,736000.49
2243,94,20241101,816648.66
2244,94,20241201,854368.69
2245,94,20250101,833750.45
2246,94,20250201,821194.93
2247,94,20250301,817150.09
2248,94,20250401,778433.02
2249,94,20250501,739866.64
2250,94,20250601,760504.27
2251,94,20250701,747652.68
2252,94,20250801,735558.7
2253,94,20250901,785006.3
2254,94,20251001,803012.64
2255,94,20251101,828354.31
2256,94,20251201,930375.1
2257,95,20240101,492338.38
2258,95,20240201,485440.46
2259,95,20240301,464550.69
2260,95,20240401,457747.43
2261,95,20240501,463845.51
2262,95,20240601,460769.78
2263,95,20240701,435793.64
2264,95,20240801,460690.93
2265,95,20240901,460099.89
2266,95,20241001,474071.01
2267,95,20241101,496100.5
2268,95,20241201,522532.84
2269,95,20250101,531946.45
2270,95,20250201,496298.93
2271,95,20250301,495313.9
2272,95,20250401,459294.92
2273,95,20250501,477679.12
2274,95,20250601,479625.76
2275,95,20250701,472074.72
2276,95,20250801,482272.24
2277,95,20250901,474573.9
2278,95,20251001,485567.68
2279,95,20251101,505365.43
2280,95,20251201,562386.77
2281,96,20240101,726372.35
2282,96,20240201,678578.09
2283,96,20240301,702708.62
2284,96,20240401,696209.85
2285,96,20240501,660173.97
2286,96,20240601,680086.74
2287,96,20240701,623022.47
2288,96,20240801,651822.87
2289,96,20240901,695159.63
2290,96,20241001,724971.36
2291,96,20241101,722153.03
2292,96,20241201,763845.33
2293,96,20250101,781604.13
2294,96,20250201,715853.52
2295,96,20250301,705774.42
2296,96,20250401,711295.19
2297,96,20250501,681863.57
2298,96,20250601,692095.95
2299,96,20250701,667936.92
2300,96,20250801,719316.39
2301,96,20250901,706522.9
2302,96,20251001,740208.97
2303,96,20251101,771988.72
2304,96,20251201,794853.63
2305,97,20240101,1332611.94
2306,97,20240201,1290592.91
2307,97,20240301,1301137.25
2308,97,20240401,1231540.45
2309,97,20240501,1190760.98
2310,97,20240601,1196994.12
2311,97,20240701,1264299.29
2312,97,20240801,1266902.14
2313,97,20240901,1246626.84
2314,97,20241001,1330387.11
2315,97,20241101,1343044.85
2316,97,20241201,1462524.04
2317,97,20250101,1345446.04
2318,97,20250201,1387119.85
2319,97,20250301,1300356.65
2320,97,20250401,1296555.26
2321,97,20250501,1284345.0
2322,97,20250601,1337614.98
2323,97,20250701,1279167.47
2324,97,20250801,1276981.73
2325,97,20250901,1341026.8
2326,97,20251001,1410194.9
2327,97,20251101,1433846.57
2328,97,20251201,1583256.62
2329,98,20240101,518825.71
2330,98,20240201,490016.6
2331,98,20240301,483571.9
2332,98,20240401,469150.61
2333,98,20240501,457921.95
2334,98,20240601,482856.58
2335,98,20240701,482777.05
2336,98,20240801,464212.65
2337,98,20240901,464121.71
2338,98,20241001,468803.88
2339,98,20241101,511609.6
2340,98,20241201,527172.76
2341,98,20250101,524624.78
2342,98,20250201,532577.33
2343,98,20250301,499055.92
2344,98,20250401,501242.67
2345,98,20250501,485514.87
2346,98,20250601,491407.27
2347,98,20250701,488673.32
2348,98,20250801,479103.29
2349,98,20250901,512765.36
2350,98,20251001,510075.68
2351,98,20251101,555108.99
2352,98,20251201,563730.34
2353,99,20240101,505794.64
2354,99,20240201,511716.91
2355,99,20240301,506753.54
2356,99,20240401,490065.07
2357,99,20240501,486733.35
2358,99,20240601,472309.09
2359,99,20240701,448689.47
2360,99,20240801,461578.4
2361,99,20240901,493304.95
2362,99,20241001,514062.01
2363,99,20241101,505838.2
2364,99,20241201,580229.25
2365,99,20250101,536961.24
2366,99,20250201,504211.83
2367,99,20250301,518332.21
2368,99,20250401,502561.83
2369,99,20250501,467909.91
2370,99,20250601,519054.49
2371,99,20250701,470571.99
2372,99,20250801,504281.47
2373,99,20250901,526451.81
2374,99,20251001,517905.71
2375,99,20251101,530632.18
2376,99,20251201,575468.06
2377,100,20240101,678159.01
2378,100,20240201,655217.35
2379,100,20240301,698368.02
2380,100,20240401,649602.13
2381,100,20240501,625083.36
2382,100,20240601,656324.02
2383,100,20240701,640741.59
2384,100,20240801,628982.04
2385,100,20240901,634390.61
2386,100,20241001,662570.18
2387,100,20241101,750725.82
2388,100,20241201,734420.02
2389,100,20250101,733862.4
2390,100,20250201,743000.61
2391,100,20250301,697686.12
2392,100,20250401,657432.98
2393,100,20250501,662366.45
2394,100,20250601,704512.93
2395,100,20250701,636887.46
2396,100,20250801,685408.67
2397,100,20250901,686904.18
2398,100,20251001,730535.81
2399,100,20251101,750396.68
2400,100,20251201,790747.13
